{
	"format_version": "1.8.0",
	"animations": {
		"raider.idle": {
			"loop": true,
			"animation_length": 4,
			"bones": {
				"nose": {
					"rotation": {
						"0.0": [0, 0, 5],
						"2.0": [0, 0, -5],
						"4.0": [0, 0, 5]
					}
				},
				"Body": {
					"rotation": {
						"0.0": [0, 0, 0],
						"2.0": [2.5, 0, 0],
						"4.0": [0, 0, 0]
					}
				},
				"arms": {
					"rotation": [-17.5, 0, 0]
				},
				"RightArm": {
					"rotation": {
						"0.0": [-47.8518, -16.97131, -14.9625],
						"2.0": [-42.8518, -16.97131, -14.9625],
						"4.0": [-47.8518, -16.97131, -14.9625]
					},
					"position": {
						"0.0": [0, -0.75, -1],
						"4.0": [0, -0.75, -1]
					}
				},
				"LeftArm": {
					"rotation": {
						"0.0": [-45.28089, 35.39626, 29.83757],
						"2.0": [-40.28089, 35.39626, 29.83757],
						"4.0": [-45.28089, 35.39626, 29.83757]
					},
					"position": {
						"0.0": [-0.25, -2, -1.75],
						"4.0": [-0.25, -2, -1.75]
					}
				},
				"hands": {
					"scale": 0
				},
				"left": {
					"rotation": {
						"0.0": [-28.48124, 9.84655, 17.49524],
						"2.0": [-23.06213, 10.83442, 19.82974],
						"4.0": [-28.48124, 9.84655, 17.49524]
					},
					"position": {
						"0.0": [0, -1.75, 0.25],
						"2.0": [0, -1.75, 0],
						"4.0": [0, -1.75, 0.25]
					}
				},
				"right": {
					"rotation": {
						"0.0": [-31.70533, -6.87607, -15.97035],
						"2.0": [-26.70533, -6.87607, -15.97035],
						"4.0": [-31.70533, -6.87607, -15.97035]
					},
					"position": {
						"0.0": [0, -1, 1.25],
						"2.0": [0, -1, 0.75],
						"4.0": [0, -1, 1.25]
					}
				}
			}
		},
		"raider.move": {
			"loop": true,
			"animation_length": 2,
			"bones": {
				"nose": {
					"rotation": {
						"0.0": {
							"vector": [0, 0, 2.5]
						},
						"0.5": {
							"vector": [0, 0, -2.5]
						},
						"1.0": {
							"vector": [0, 0, 2.5]
						},
						"1.5": {
							"vector": [0, 0, -2.5]
						},
						"2.0": {
							"vector": [0, 0, 2.5]
						}
					}
				},
				"Body": {
					"rotation": {
						"0.0": {
							"vector": [-5, 0, 0]
						},
						"0.5": {
							"vector": [0, 0, 0]
						},
						"1.0": {
							"vector": [-5, 0, 0]
						},
						"1.5": {
							"vector": [0, 0, 0]
						},
						"2.0": {
							"vector": [-5, 0, 0]
						}
					}
				},
				"arms": {
					"rotation": {
						"vector": [-17.5, 0, 0]
					}
				},
				"RightArm": {
					"rotation": {
						"0.0": {
							"vector": [-47.8518, -16.97131, -14.9625]
						},
						"0.5417": {
							"vector": [-42.8518, -16.97131, -14.9625],
							"easing": "linear"
						},
						"1.0": {
							"vector": [-47.8518, -16.97131, -14.9625],
							"easing": "linear"
						},
						"1.5417": {
							"vector": [-42.8518, -16.97131, -14.9625],
							"easing": "linear"
						},
						"2.0": {
							"vector": [-47.8518, -16.97131, -14.9625],
							"easing": "linear"
						}
					},
					"position": {
						"0.0": {
							"vector": [0, -0.75, -1]
						},
						"1.0": {
							"vector": [0, -0.75, -1]
						},
						"2.0": {
							"vector": [0, -0.75, -1]
						}
					}
				},
				"LeftArm": {
					"rotation": {
						"0.0": {
							"vector": [-45.28089, 35.39626, 29.83757]
						},
						"0.5417": {
							"vector": [-40.28089, 35.39626, 29.83757],
							"easing": "linear"
						},
						"1.0": {
							"vector": [-45.28089, 35.39626, 29.83757],
							"easing": "linear"
						},
						"1.5417": {
							"vector": [-40.28089, 35.39626, 29.83757],
							"easing": "linear"
						},
						"2.0": {
							"vector": [-45.28089, 35.39626, 29.83757],
							"easing": "linear"
						}
					},
					"position": {
						"0.0": {
							"vector": [-0.25, -2, -1.75]
						},
						"1.0": {
							"vector": [-0.25, -2, -1.75]
						},
						"2.0": {
							"vector": [-0.25, -2, -1.75]
						}
					}
				},
				"hands": {
					"scale": {
						"vector": [0, 0, 0]
					}
				},
				"main": {
					"rotation": {
						"0.0": {
							"vector": [0, 0, -1.2]
						},
						"1.0": {
							"vector": [0, 0, 1.2]
						},
						"2.0": {
							"vector": [0, 0, -1.2]
						}
					},
					"position": {
						"0.0": {
							"vector": [0, -1, 0]
						},
						"0.5": {
							"vector": [0, 0, 0]
						},
						"1.0": {
							"vector": [0, -1, 0]
						},
						"1.5": {
							"vector": [0, 0, 0]
						},
						"2.0": {
							"vector": [0, -1, 0]
						}
					}
				},
				"left": {
					"rotation": {
						"0.0": {
							"vector": [-27.62113, 12.19908, 21.99054]
						},
						"0.5417": {
							"vector": [-23.06213, 10.83442, 19.82974]
						},
						"1.0": {
							"vector": [-27.62113, 12.19908, 21.99054]
						},
						"1.5417": {
							"vector": [-23.06213, 10.83442, 19.82974]
						},
						"2.0": {
							"vector": [-27.62113, 12.19908, 21.99054]
						}
					},
					"position": {
						"0.0": {
							"vector": [0, -1.75, 0.25]
						},
						"0.5417": {
							"vector": [0, -1.75, 0]
						},
						"1.0": {
							"vector": [0, -1.75, 0.25]
						},
						"1.5417": {
							"vector": [0, -1.75, 0]
						},
						"2.0": {
							"vector": [0, -1.75, 0.25]
						}
					}
				},
				"right": {
					"rotation": {
						"0.0": {
							"vector": [-34.20533, -6.87607, -15.97035]
						},
						"0.5417": {
							"vector": [-26.70533, -6.87607, -15.97035]
						},
						"1.0": {
							"vector": [-34.20533, -6.87607, -15.97035]
						},
						"1.5417": {
							"vector": [-26.70533, -6.87607, -15.97035]
						},
						"2.0": {
							"vector": [-34.20533, -6.87607, -15.97035]
						}
					},
					"position": {
						"0.0": {
							"vector": [0, -1, 1.25]
						},
						"0.5417": {
							"vector": [0, -1, 0.75]
						},
						"1.0": {
							"vector": [0, -1, 1.25]
						},
						"1.5417": {
							"vector": [0, -1, 0.75]
						},
						"2.0": {
							"vector": [0, -1, 1.25]
						}
					}
				}
			}
		},
		"raider.move2": {
			"loop": true,
			"animation_length": 2,
			"bones": {
				"nose": {
					"rotation": {
						"0.0": {
							"vector": [0, 0, 2.5]
						},
						"0.5": {
							"vector": [0, 0, -2.5]
						},
						"1.0": {
							"vector": [0, 0, 2.5]
						},
						"1.5": {
							"vector": [0, 0, -2.5]
						},
						"2.0": {
							"vector": [0, 0, 2.5]
						}
					}
				},
				"Body": {
					"rotation": {
						"0.0": {
							"vector": [-5, 0, 0]
						},
						"0.5": {
							"vector": [0, 0, 0]
						},
						"1.0": {
							"vector": [-5, 0, 0]
						},
						"1.5": {
							"vector": [0, 0, 0]
						},
						"2.0": {
							"vector": [-5, 0, 0]
						}
					}
				},
				"arms": {
					"rotation": {
						"vector": [-17.5, 0, 0]
					}
				},
				"RightArm": {
					"rotation": {
						"0.0": {
							"vector": [-77.78446, -21.96769, -15.16434]
						},
						"0.5417": {
							"vector": [-60.3518, -16.97131, -14.9625]
						},
						"1.0": {
							"vector": [-77.78446, -21.96769, -15.16434]
						},
						"1.5417": {
							"vector": [-60.3518, -16.97131, -14.9625]
						},
						"2.0": {
							"vector": [-77.78446, -21.96769, -15.16434]
						}
					},
					"position": {
						"0.0": {
							"vector": [0, -0.75, -1]
						},
						"0.5417": {
							"vector": [0, -0.5, -1]
						},
						"1.0": {
							"vector": [0, -0.75, -1]
						},
						"1.5417": {
							"vector": [0, -0.5, -1]
						},
						"2.0": {
							"vector": [0, -0.75, -1]
						}
					}
				},
				"LeftArm": {
					"rotation": {
						"0.0": {
							"vector": [-66.27165, 40.00052, 32.30341]
						},
						"0.5417": {
							"vector": [-52.78089, 35.39626, 29.83757]
						},
						"1.0": {
							"vector": [-66.27165, 40.00052, 32.30341]
						},
						"1.5417": {
							"vector": [-52.78089, 35.39626, 29.83757]
						},
						"2.0": {
							"vector": [-66.27165, 40.00052, 32.30341]
						}
					},
					"position": {
						"0.0": {
							"vector": [-0.25, -2, -1.75]
						},
						"0.5417": {
							"vector": [-0.25, -1.5, -1.75]
						},
						"1.0": {
							"vector": [-0.25, -2, -1.75]
						},