{
	"format_version": "1.8.0",
	"animations": {
		"trickster.idle": {
			"loop": true,
			"animation_length": 2,
			"bones": {
				"Body": {
					"scale": {
						"0.0": [1, 1, 1],
						"0.4583": [1, 1, 1],
						"0.5": [1.01, 1.01, 1.01],
						"0.625": [1, 1, 1],
						"0.75": [1.01, 1.01, 1.01],
						"0.7917": [1, 1, 1],
						"1.0": [1.02, 1.02, 1.02],
						"2.0": [1, 1, 1]
					}
				},
				"Head": {
					"rotation": {
						"0.0": [0, 0, -2.5],
						"0.25": [-2.49762, -0.10901, -2.49762],
						"0.5": [1.25119, -0.05451, 1.25119],
						"0.625": [-1.87441, -0.02725, 3.12559],
						"0.75": [0, 0, 5],
						"1.0": [4.98107, -0.43523, 4.98107],
						"1.5": [0, 0, -2.5],
						"1.75": [3.74881, 0.05451, -2.49881],
						"2.0": [0, 0, -2.5]
					},
					"position": {
						"0.0": [0, 0, 0],
						"0.5": [0, 0, 0],
						"0.625": [0, -0.26, 0],
						"0.75": [0, 0, 0]
					}
				},
				"RightArm": {
					"rotation": ["-math.sin(query.anim_time*180)*15", 0, 0],
					"position": {
						"0.0": [0, 0, 0],
						"0.4583": [0, 0, 0],
						"0.5": [0, 0.28, 0],
						"0.625": [0, -0.12, 0],
						"0.75": [0, 0.28, 0],
						"1.0": [0, 0, 0]
					}
				},
				"LeftArm": {
					"rotation": ["-math.sin(query.anim_time*180)*15", 0, 0],
					"position": {
						"0.0": [0, 0, 0],
						"0.4583": [0, 0, 0],
						"0.5": [0, 0.28, 0],
						"0.625": [0, -0.12, 0],
						"0.75": [0, 0.28, 0],
						"1.0": [0, 0, 0]
					}
				},
				"leftwiggly": {
					"rotation": {
						"0.0": [0, 0, -7.5],
						"1.0": [0, 0, -2.5],
						"2.0": [0, 0, -7.5]
					}
				},
				"rightwiggly": {
					"rotation": {
						"0.0": [0, 0, 10],
						"0.75": [0, 0, 15],
						"2.0": [0, 0, 10]
					}
				}
			}
		},
		"trickster.move": {
			"loop": true,
			"animation_length": 2,
			"bones": {
				"Body": {
					"position": {
						"0.0": [0, 0, 0],
						"0.5": [0, -0.5, 0],
						"1.0": [0, 0, 0],
						"1.5": [0, -0.5, 0],
						"2.0": [0, 0, 0]
					},
					"scale": {
						"0.0": [1, 1, 1],
						"1.0": [1.01, 1.01, 1.01],
						"2.0": [1, 1, 1]
					}
				},
				"Head": {
					"rotation": {
						"0.0": [0, 0, 0],
						"0.5": [0, 0, 5],
						"1.0": [0, 0, 0],
						"1.5": [0, 0, -5],
						"2.0": [0, 0, 0]
					},
					"position": {
						"0.0": [0, 0, 0],
						"0.5": [0, -0.75, 0],
						"1.0": [0, 0, 0],
						"1.5": [0, -0.75, 0],
						"2.0": [0, 0, 0]
					}
				},
				"LeftLeg": {
					"rotation": ["-math.sin(query.anim_time*180)*20", 0, 0],
					"position": [0, "math.clamp(math.cos(query.anim_time*180)*2,0,3)", 0]
				},
				"RightLeg": {
					"rotation": ["math.sin(query.anim_time*180)*20", 0, 0],
					"position": [0, "math.clamp(-math.cos(query.anim_time*180)*2,0,3)", 0]
				},
				"RightArm": {
					"rotation": ["math.sin(query.anim_time*180)*30", 0, 5],
					"position": {
						"0.0": [0, 0, 0],
						"0.5": [0, -0.5, 0],
						"1.0": [0, 0, 0],
						"1.5": [0, -0.5, 0],
						"2.0": [0, 0, 0]
					}
				},
				"LeftArm": {
					"rotation": ["-math.sin(query.anim_time*180)*30", 0, -5],
					"position": {
						"0.0": [0, 0, 0],
						"0.5": [0, -0.5, 0],
						"1.0": [0, 0, 0],
						"1.5": [0, -0.5, 0],
						"2.0": [0, 0, 0]
					}
				},
				"leftwiggly": {
					"rotation": {
						"0.0": [0, 0, -5],
						"0.5": [0, 0, 0],
						"1.0": [0, 0, -5],
						"1.5": [0, 0, -15],
						"2.0": [0, 0, -5]
					}
				},
				"rightwiggly": {
					"rotation": {
						"0.0": [0, 0, 15],
						"0.5": [0, 0, 20],
						"1.0": [0, 0, 15],
						"1.5": [0, 0, 17.5],
						"2.0": [0, 0, 15]
					}
				}
			}
		},
		"trickster.spell": {
			"animation_length": 2.08333,
			"bones": {
				"Body": {
					"rotation": {
						"0.0": [27.5, 0, 0],
						"0.375": [0, 0, 0],
						"0.75": [-5, 0, 0],
						"1.75": [0, 0, 0]
					},
					"position": {
						"0.0": [0, -1, -2],
						"0.375": [0, 0, 0],
						"1.0833": [0, -0.25, 0],
						"1.75": [0, 0, 0]
					}
				},
				"Head": {
					"rotation": {
						"0.0": [32.5, 0, 0],
						"0.375": [0, 0, 0],
						"0.75": [-10, 0, 0],
						"1.25": [5, 0, 0],
						"1.5": [12.5, 0, 0],
						"1.75": [-3.75, 0, 0],
						"2.0": [0, 0, 0]
					},
					"position": {
						"0.0": [0, -1.5, -4.25],
						"0.0833": [0, -1.42, -3.31],
						"0.1667": [0, -0.51, -2.36],
						"0.25": [0, -0.56, -1.42],
						"0.375": [0, 0, 0],
						"0.75": [0, -0.35, 0.02],
						"1.0833": [0, -0.22, 0.21],
						"1.25": [0, 0.19, 0.31],
						"1.5": [0, -0.37, -0.21]
					}
				},
				"LeftLeg": {
					"rotation": {
						"0.0": [0, 0, 0],
						"0.5": [0, 0, 0],
						"0.9583": [0, 0, -25],
						"1.0833": [0, 0, -35],
						"1.75": [0, 0, 0]
					},
					"position": {
						"0.0": [0, 0, 0],
						"0.5": [0, 0, 0],
						"0.9583": [-1, 0.75, 0],
						"1.0833": [-1, 0.75, 0],
						"1.75": [0, 0, 0]
					}
				},
				"RightLeg": {
					"rotation": {
						"0.0": [0, 0, 0],
						"0.5": [0, 0, 0],
						"1.0833": [0, 0, 5],
						"1.75": [0, 0, 0]
					},
					"position": {
						"0.0": [0, 0, 0],
						"0.5": [0, 0, 0],
						"1.0833": [0, -0.25, 0],
						"1.75": [0, 0, 0]
					}
				},
				"RightArm": {
					"rotation": {
						"0.0": ["-50+math.clamp(math.cos(query.anim_time*180)*120,-120,50)", 0, 0],
						"0.4167": ["-50+math.clamp(math.cos(query.anim_time*180)*120,-120,50)", 0, 0],
						"0.9583": ["-50.367+math.clamp(math.cos(query.anim_time*180)*120,-120,50)", 2.83748, -14.73523],
						"1.3333": ["-50+math.clamp(math.cos(query.anim_time*180)*120,-120,50)", 0, 0]
					},
					"position": {
						"0.0": [0, -2, -3],
						"0.4167": [0, 0, 0],
						"0.75": [0, 0, -1],
						"1.5": [0, 0, 0.5],
						"1.6667": [0, 0, 0]
					}
				},
				"LeftArm": {
					"rotation": {
						"0.0": ["-50+math.clamp(math.cos(query.anim_time*180)*120,-120,50)", 0, 0],
						"0.4167": ["-50+math.clamp(math.cos(query.anim_time*180)*120,-120,50)", 0, 0],
						"0.9583": ["-32.9987+math.clamp(math.cos(query.anim_time*180)*120,-120,50)", -3.29716, 17.19614],
						"1.3333": ["-50+math.clamp(math.cos(query.anim_time*180)*120,-120,50)", 0, 0]
					},
					"position": {
						"0.0": [0, -2, -3],
						"0.4167": [0, 0, 0],
						"0.75": [0, 0, -1],
						"1.5": [0, 0, 0.5],
						"1.6667": [0, 0, 0]
					}
				},
				"leftwiggly": {
					"rotation": {
						"0.0": [0, -20, 0],
						"0.875": [0, 12.5, 0],
						"1.5": [0, -12.5, 0],
						"1.75": [0, 10, 0],
						"2.0": [0, -2.5, 0],
						"2.0833": [0, 0, 0]
					}
				},
				"rightwiggly": {
					"rotation": {
						"0.0": [0, 15, 0],
						"0.25": [0, 0, 0],
						"0.75": [0, -32.5, 0],
						"1.25": [0, -10, 0],
						"1.5": [0, 15, 0],
						"1.75": [0, -15, 0],
						"2.0": [0, 0, 0]
					},
					"position": {
						"0.0": [0, 0, 0],
						"0.25": [0, 0, 0],
						"0.875": [-0.75, 0, 0],
						"1.25": [0, 0, 0],
						"2.0": [0, 0, 0]
					}
				}
			}
		},
		"trickster.spell2": {
			"loop": true,
			"animation_length": 2,
			"bones": {
				"Body": {
					"scale": {
						"0.0": [1, 1, 1],
						"1.0417": [1.02, 1.02, 1.02],
						"2.0": [1, 1, 1]
					}
				},
				"Head": {
					"rotation": {
						"0.0": [0, 0, 0],
						"0.5": [0, 0, 5],
						"1.0": [0, 0, 0],
						"1.5": [0, 0, -5],
						"2.0": [0, 0, 0]
					},
					"position": {
						"0.0": [0, 0, 0],
						"0.5": [0, -0.75, 0],
						"1.0": [0, 0, 0],
						"1.5": [0, -0.75, 0],
						"2.0": [0, 0, 0]
					}
				},
				"LeftLeg": {
					"rotation": ["-math.sin(query.anim_time*180)*20", 0, 0],
					"position": [0, "math.clamp(math.cos(query.anim_time*180)*2,0,3)", 0]
				},
				"RightLeg": {
					"rotation": ["math.sin(query.anim_time*180)*20", 0, 0],
					"position": [0, "math.clamp(-math.cos(query.anim_time*180)*2,0,3)", 0]
				},
				"RightArm": {
					"rotation": {
						"0.0": ["-392.3224-math.sin(query.anim_time*180)*15", -74.61883, 133.14318],
						"1.0417": ["-343.1851-math.sin(query.anim_time*180)*15", -76.01227, 82.55465],
						"2.0": ["-392.3224-math.sin(query.anim_time*180)*15", -74.61883, 133.14318]
					},
					"position": [-1, -1, 2]
				},